job,cluster,buffered,group,threads,rdate,files,filesize,fileunit,mode,aggrb,bw,rw,bs,bsunit,ioengine,iodepth
fio-beegfs-read-unbuffered-block_512k-size_2G-threads_4,barenode,0,0,4,2018-11-21 18:55:30,4,2048.0,MB,read,482,482,rw,512,K,psync,1
fio-beegfs-write-unbuffered-block_16k-size_4G-threads_2,barenode,0,0,2,2018-11-21 12:00:05,4,4096.0,MB,write,158,158,rw,16,K,psync,1
fio-beegfs-write-buffered-block_64k-size_1G-threads_2,barenode,1,0,2,2018-11-08 23:42:28,4,1024.0,MB,write,609,609,rw,64,K,psync,1
fio-beegfs-read-buffered-block_16k-size_4G-threads_2,barenode,1,0,2,2018-11-09 02:58:13,4,4096.0,MB,read,1525,1525,rw,16,K,psync,1
fio-beegfs-read-buffered-block_1024k-size_1G-threads_1,barenode,1,0,1,2018-11-08 19:33:21,4,1024.0,MB,read,967,967,rw,1,M,psync,1
fio-beegfs-read-buffered-block_1024k-size_4G-threads_1,barenode,1,0,1,2018-11-08 22:55:15,4,4096.0,MB,read,983,983,rw,1,M,psync,1
fio-beegfs-write-unbuffered-block_512k-size_1G-threads_8,barenode,0,0,8,2018-11-22 04:12:49,4,1024.0,MB,write,372,372,rw,512,K,psync,1
fio-beegfs-write-unbuffered-block_1024k-size_2G-threads_2,barenode,0,0,2,2018-11-21 11:20:44,4,2048.0,MB,write,376,376,rw,1,M,psync,1
fio-beegfs-write-buffered-block_16k-size_4G-threads_1,barenode,1,0,1,2018-11-08 21:29:09,4,4096.0,MB,write,442,442,rw,16,K,psync,1
fio-beegfs-read-buffered-block_16k-size_4G-threads_8,barenode,1,0,8,2018-11-10 03:41:29,4,4096.0,MB,read,1323,1323,rw,16,K,psync,1
fio-beegfs-read-unbuffered-block_64k-size_1G-threads_1,barenode,0,0,1,2018-11-21 03:47:07,4,1024.0,MB,read,115,115,rw,64,K,psync,1
fio-beegfs-write-buffered-block_16k-size_2G-threads_1,barenode,1,0,1,2018-11-08 19:56:59,4,2048.0,MB,write,514,514,rw,16,K,psync,1
fio-beegfs-write-unbuffered-block_16k-size_4G-threads_1,barenode,0,0,1,2018-11-21 06:19:22,4,4096.0,MB,write,81,81,rw,16,K,psync,1
fio-beegfs-write-buffered-block_128k-size_2G-threads_2,barenode,1,0,2,2018-11-09 01:48:21,4,2048.0,MB,write,351,351,rw,128,K,psync,1
fio-beegfs-write-unbuffered-block_128k-size_4G-threads_8,barenode,0,0,8,2018-11-22 17:09:19,4,4096.0,MB,write,380,380,rw,128,K,psync,1
fio-beegfs-read-unbuffered-block_1024k-size_1G-threads_4,barenode,0,0,4,2018-11-21 16:25:40,4,1024.0,MB,read,478,478,rw,1,M,psync,1
fio-beegfs-write-buffered-block_128k-size_1G-threads_1,barenode,1,0,1,2018-11-08 19:13:52,4,1024.0,MB,write,561,561,rw,128,K,psync,1
fio-beegfs-read-buffered-block_64k-size_1G-threads_1,barenode,1,0,1,2018-11-08 18:54:30,4,1024.0,MB,read,858,858,rw,64,K,psync,1
fio-beegfs-write-unbuffered-block_512k-size_1G-threads_4,barenode,0,0,4,2018-11-21 16:13:28,4,1024.0,MB,write,375,375,rw,512,K,psync,1
fio-beegfs-read-unbuffered-block_1024k-size_4G-threads_2,barenode,0,0,2,2018-11-21 14:16:21,4,4096.0,MB,read,409,409,rw,1,M,psync,1
fio-beegfs-write-buffered-block_128k-size_1G-threads_8,barenode,1,0,8,2018-11-09 19:17:11,4,1024.0,MB,write,450,450,rw,128,K,psync,1
fio-beegfs-read-unbuffered-block_128k-size_2G-threads_2,barenode,0,0,2,2018-11-21 10:20:32,4,2048.0,MB,read,294,294,rw,128,K,psync,1
fio-beegfs-write-buffered-block_1024k-size_2G-threads_2,barenode,1,0,2,2018-11-09 02:37:49,4,2048.0,MB,write,341,341,rw,1,M,psync,1
fio-beegfs-read-buffered-block_1024k-size_2G-threads_4,barenode,1,0,4,2018-11-09 11:03:33,4,2048.0,MB,read,2814,2814,rw,1,M,psync,1
fio-beegfs-write-unbuffered-block_512k-size_1G-threads_2,barenode,0,0,2,2018-11-21 09:02:56,4,1024.0,MB,write,384,384,rw,512,K,psync,1
fio-beegfs-read-buffered-block_64k-size_4G-threads_8,barenode,1,0,8,2018-11-10 05:52:37,4,4096.0,MB,read,2739,2739,rw,64,K,psync,1
fio-beegfs-write-buffered-block_1024k-size_4G-threads_4,barenode,1,0,4,2018-11-09 17:14:27,4,4096.0,MB,write,403,403,rw,1,M,psync,1
fio-beegfs-read-unbuffered-block_128k-size_2G-threads_8,barenode,0,0,8,2018-11-22 07:45:55,4,2048.0,MB,read,443,443,rw,128,K,psync,1
fio-beegfs-write-buffered-block_16k-size_4G-threads_8,barenode,1,0,8,2018-11-10 04:47:09,4,4096.0,MB,write,411,411,rw,16,K,psync,1
fio-beegfs-write-unbuffered-block_1024k-size_4G-threads_1,barenode,0,0,1,2018-11-21 07:55:32,4,4096.0,MB,write,327,327,rw,1,M,psync,1
fio-beegfs-write-unbuffered-block_16k-size_1G-threads_1,barenode,0,0,1,2018-11-21 03:40:33,4,1024.0,MB,write,80,80,rw,16,K,psync,1
fio-beegfs-write-unbuffered-block_64k-size_2G-threads_2,barenode,0,0,2,2018-11-21 10:08:18,4,2048.0,MB,write,354,354,rw,64,K,psync,1
fio-beegfs-read-buffered-block_512k-size_4G-threads_8,barenode,1,0,8,2018-11-10 10:14:58,4,4096.0,MB,read,2871,2871,rw,512,K,psync,1
fio-beegfs-read-buffered-block_16k-size_1G-threads_1,barenode,1,0,1,2018-11-08 18:41:22,4,1024.0,MB,read,814,814,rw,16,K,psync,1
fio-beegfs-read-unbuffered-block_1024k-size_4G-threads_1,barenode,0,0,1,2018-11-21 07:43:41,4,4096.0,MB,read,282,282,rw,1,M,psync,1
fio-beegfs-read-unbuffered-block_512k-size_2G-threads_8,barenode,0,0,8,2018-11-22 08:55:11,4,2048.0,MB,read,510,510,rw,512,K,psync,1
fio-beegfs-write-buffered-block_1024k-size_1G-threads_8,barenode,1,0,8,2018-11-09 20:38:02,4,1024.0,MB,write,422,422,rw,1,M,psync,1
fio-beegfs-read-unbuffered-block_16k-size_2G-threads_4,barenode,0,0,4,2018-11-21 16:57:52,4,2048.0,MB,read,189,189,rw,16,K,psync,1
fio-beegfs-read-buffered-block_64k-size_1G-threads_4,barenode,1,0,4,2018-11-09 06:35:28,4,1024.0,MB,read,2622,2622,rw,64,K,psync,1
fio-beegfs-write-unbuffered-block_512k-size_4G-threads_8,barenode,0,0,8,2018-11-22 19:20:41,4,4096.0,MB,write,367,367,rw,512,K,psync,1
fio-beegfs-write-buffered-block_512k-size_1G-threads_8,barenode,1,0,8,2018-11-09 19:57:39,4,1024.0,MB,write,436,436,rw,512,K,psync,1
fio-beegfs-read-buffered-block_512k-size_4G-threads_2,barenode,1,0,2,2018-11-09 04:57:46,4,4096.0,MB,read,1884,1884,rw,512,K,psync,1
fio-beegfs-write-buffered-block_512k-size_4G-threads_8,barenode,1,0,8,2018-11-10 11:20:23,4,4096.0,MB,write,434,434,rw,512,K,psync,1
fio-beegfs-read-unbuffered-block_64k-size_4G-threads_4,barenode,0,0,4,2018-11-21 21:36:55,4,4096.0,MB,read,356,356,rw,64,K,psync,1
fio-beegfs-read-unbuffered-block_16k-size_4G-threads_1,barenode,0,0,1,2018-11-21 06:07:28,4,4096.0,MB,read,46,46,rw,16,K,psync,1
fio-beegfs-write-unbuffered-block_64k-size_1G-threads_8,barenode,0,0,8,2018-11-22 02:54:54,4,1024.0,MB,write,382,382,rw,64,K,psync,1
fio-beegfs-write-unbuffered-block_16k-size_2G-threads_8,barenode,0,0,8,2018-11-22 06:01:52,4,2048.0,MB,write,358,358,rw,16,K,psync,1
fio-beegfs-read-buffered-block_16k-size_4G-threads_1,barenode,1,0,1,2018-11-08 21:17:04,4,4096.0,MB,read,813,813,rw,16,K,psync,1
fio-beegfs-write-buffered-block_16k-size_2G-threads_2,barenode,1,0,2,2018-11-09 00:58:39,4,2048.0,MB,write,340,340,rw,16,K,psync,1
fio-beegfs-write-unbuffered-block_64k-size_4G-threads_1,barenode,0,0,1,2018-11-21 06:43:31,4,4096.0,MB,write,176,176,rw,64,K,psync,1
fio-beegfs-read-unbuffered-block_64k-size_1G-threads_2,barenode,0,0,2,2018-11-21 08:21:34,4,1024.0,MB,read,212,212,rw,64,K,psync,1
fio-beegfs-read-buffered-block_64k-size_2G-threads_1,barenode,1,0,1,2018-11-08 20:05:31,4,2048.0,MB,read,863,863,rw,64,K,psync,1
fio-beegfs-read-unbuffered-block_64k-size_2G-threads_4,barenode,0,0,4,2018-11-21 17:37:06,4,2048.0,MB,read,349,349,rw,64,K,psync,1
fio-beegfs-write-buffered-block_16k-size_2G-threads_8,barenode,1,0,8,2018-11-09 21:49:53,4,2048.0,MB,write,430,430,rw,16,K,psync,1
fio-beegfs-read-buffered-block_1024k-size_2G-threads_2,barenode,1,0,2,2018-11-09 02:25:36,4,2048.0,MB,read,1898,1898,rw,1,M,psync,1
fio-beegfs-write-buffered-block_512k-size_1G-threads_1,barenode,1,0,1,2018-11-08 19:26:47,4,1024.0,MB,write,591,591,rw,512,K,psync,1
fio-beegfs-read-buffered-block_512k-size_1G-threads_1,barenode,1,0,1,2018-11-08 19:20:28,4,1024.0,MB,read,954,954,rw,512,K,psync,1
fio-beegfs-read-unbuffered-block_64k-size_2G-threads_8,barenode,0,0,8,2018-11-22 06:36:51,4,2048.0,MB,read,426,426,rw,64,K,psync,1
fio-beegfs-write-unbuffered-block_1024k-size_2G-threads_4,barenode,0,0,4,2018-11-21 19:53:51,4,2048.0,MB,write,377,377,rw,1,M,psync,1
fio-beegfs-write-unbuffered-block_128k-size_4G-threads_4,barenode,0,0,4,2018-11-21 23:19:41,4,4096.0,MB,write,379,379,rw,128,K,psync,1
fio-beegfs-write-buffered-block_64k-size_1G-threads_1,barenode,1,0,1,2018-11-08 19:00:52,4,1024.0,MB,write,631,631,rw,64,K,psync,1
fio-beegfs-read-unbuffered-block_16k-size_1G-threads_8,barenode,0,0,8,2018-11-22 01:56:28,4,1024.0,MB,read,324,324,rw,16,K,psync,1
fio-beegfs-write-unbuffered-block_128k-size_1G-threads_4,barenode,0,0,4,2018-11-21 15:49:24,4,1024.0,MB,write,374,374,rw,128,K,psync,1
fio-beegfs-read-unbuffered-block_64k-size_4G-threads_8,barenode,0,0,8,2018-11-22 13:52:39,4,4096.0,MB,read,427,427,rw,64,K,psync,1
fio-beegfs-write-buffered-block_64k-size_1G-threads_8,barenode,1,0,8,2018-11-09 18:36:40,4,1024.0,MB,write,444,444,rw,64,K,psync,1
fio-beegfs-write-buffered-block_64k-size_4G-threads_4,barenode,1,0,4,2018-11-09 13:44:43,4,4096.0,MB,write,418,418,rw,64,K,psync,1
fio-beegfs-read-buffered-block_1024k-size_1G-threads_8,barenode,1,0,8,2018-11-09 20:17:42,4,1024.0,MB,read,2950,2950,rw,1,M,psync,1
fio-beegfs-write-buffered-block_128k-size_2G-threads_8,barenode,1,0,8,2018-11-10 00:13:04,4,2048.0,MB,write,460,460,rw,128,K,psync,1
fio-beegfs-write-unbuffered-block_16k-size_1G-threads_8,barenode,0,0,8,2018-11-22 02:15:49,4,1024.0,MB,write,361,361,rw,16,K,psync,1
fio-beegfs-read-buffered-block_512k-size_2G-threads_8,barenode,1,0,8,2018-11-10 00:48:33,4,2048.0,MB,read,2949,2949,rw,512,K,psync,1
fio-beegfs-read-unbuffered-block_16k-size_2G-threads_1,barenode,0,0,1,2018-11-21 04:40:31,4,2048.0,MB,read,46,46,rw,16,K,psync,1
fio-beegfs-write-unbuffered-block_512k-size_1G-threads_1,barenode,0,0,1,2018-11-21 04:18:57,4,1024.0,MB,write,329,329,rw,512,K,psync,1
fio-beegfs-read-buffered-block_16k-size_2G-threads_1,barenode,1,0,1,2018-11-08 19:48:42,4,2048.0,MB,read,816,816,rw,16,K,psync,1
fio-beegfs-read-buffered-block_16k-size_1G-threads_4,barenode,1,0,4,2018-11-09 06:10:30,4,1024.0,MB,read,2426,2426,rw,16,K,psync,1
fio-beegfs-write-buffered-block_1024k-size_1G-threads_2,barenode,1,0,2,2018-11-09 00:33:24,4,1024.0,MB,write,986,986,rw,1,M,psync,1
fio-beegfs-write-unbuffered-block_512k-size_4G-threads_2,barenode,0,0,2,2018-11-21 13:56:39,4,4096.0,MB,write,375,375,rw,512,K,psync,1
fio-beegfs-read-unbuffered-block_16k-size_1G-threads_2,barenode,0,0,2,2018-11-21 08:05:02,4,1024.0,MB,read,97,97,rw,16,K,psync,1
fio-beegfs-read-buffered-block_16k-size_2G-threads_4,barenode,1,0,4,2018-11-09 08:22:43,4,2048.0,MB,read,2473,2473,rw,16,K,psync,1
fio-beegfs-write-buffered-block_16k-size_1G-threads_8,barenode,1,0,8,2018-11-09 17:56:09,4,1024.0,MB,write,441,441,rw,16,K,psync,1
fio-beegfs-read-unbuffered-block_16k-size_2G-threads_8,barenode,0,0,8,2018-11-22 05:27:13,4,2048.0,MB,read,322,322,rw,16,K,psync,1
fio-beegfs-read-unbuffered-block_128k-size_1G-threads_4,barenode,0,0,4,2018-11-21 15:37:30,4,1024.0,MB,read,396,396,rw,128,K,psync,1
fio-beegfs-write-unbuffered-block_128k-size_2G-threads_8,barenode,0,0,8,2018-11-22 08:20:33,4,2048.0,MB,write,363,363,rw,128,K,psync,1
fio-beegfs-read-buffered-block_1024k-size_1G-threads_4,barenode,1,0,4,2018-11-09 07:49:45,4,1024.0,MB,read,2821,2821,rw,1,M,psync,1
fio-beegfs-write-unbuffered-block_64k-size_4G-threads_8,barenode,0,0,8,2018-11-22 14:56:46,4,4096.0,MB,write,377,377,rw,64,K,psync,1
fio-beegfs-read-buffered-block_512k-size_1G-threads_8,barenode,1,0,8,2018-11-09 19:37:14,4,1024.0,MB,read,2948,2948,rw,512,K,psync,1
fio-beegfs-write-unbuffered-block_16k-size_2G-threads_2,barenode,0,0,2,2018-11-21 09:44:04,4,2048.0,MB,write,156,156,rw,16,K,psync,1
fio-beegfs-write-buffered-block_128k-size_4G-threads_1,barenode,1,0,1,2018-11-08 22:18:25,4,4096.0,MB,write,319,319,rw,128,K,psync,1
fio-beegfs-read-unbuffered-block_512k-size_2G-threads_2,barenode,0,0,2,2018-11-21 10:44:37,4,2048.0,MB,read,416,416,rw,512,K,psync,1
fio-beegfs-read-buffered-block_64k-size_2G-threads_2,barenode,1,0,2,2018-11-09 01:11:06,4,2048.0,MB,read,1612,1612,rw,64,K,psync,1
fio-beegfs-read-buffered-block_64k-size_4G-threads_4,barenode,1,0,4,2018-11-09 13:09:27,4,4096.0,MB,read,2612,2612,rw,64,K,psync,1
fio-beegfs-write-unbuffered-block_64k-size_1G-threads_4,barenode,0,0,4,2018-11-21 15:25:14,4,1024.0,MB,write,376,376,rw,64,K,psync,1
fio-beegfs-write-buffered-block_512k-size_2G-threads_1,barenode,1,0,1,2018-11-08 20:47:31,4,2048.0,MB,write,558,558,rw,512,K,psync,1
fio-beegfs-write-unbuffered-block_16k-size_1G-threads_2,barenode,0,0,2,2018-11-21 08:13:08,4,1024.0,MB,write,156,156,rw,16,K,psync,1
fio-beegfs-write-unbuffered-block_512k-size_2G-threads_2,barenode,0,0,2,2018-11-21 10:56:31,4,2048.0,MB,write,377,377,rw,512,K,psync,1
fio-beegfs-write-buffered-block_1024k-size_4G-threads_2,barenode,1,0,2,2018-11-09 05:56:57,4,4096.0,MB,write,351,351,rw,1,M,psync,1
fio-beegfs-write-unbuffered-block_512k-size_4G-threads_1,barenode,0,0,1,2018-11-21 07:31:28,4,4096.0,MB,write,328,328,rw,512,K,psync,1
fio-beegfs-write-buffered-block_64k-size_4G-threads_1,barenode,1,0,1,2018-11-08 21:53:43,4,4096.0,MB,write,383,383,rw,64,K,psync,1
fio-beegfs-read-unbuffered-block_128k-size_2G-threads_4,barenode,0,0,4,2018-11-21 18:16:20,4,2048.0,MB,read,400,400,rw,128,K,psync,1
fio-beegfs-read-unbuffered-block_1024k-size_2G-threads_2,barenode,0,0,2,2018-11-21 11:08:47,4,2048.0,MB,read,411,411,rw,1,M,psync,1
fio-beegfs-read-buffered-block_128k-size_4G-threads_8,barenode,1,0,8,2018-11-10 08:03:53,4,4096.0,MB,read,2035,2035,rw,128,K,psync,1
fio-beegfs-read-buffered-block_128k-size_4G-threads_2,barenode,1,0,2,2018-11-09 04:17:53,4,4096.0,MB,read,1618,1618,rw,128,K,psync,1
fio-beegfs-read-unbuffered-block_64k-size_4G-threads_2,barenode,0,0,2,2018-11-21 12:19:45,4,4096.0,MB,read,212,212,rw,64,K,psync,1
fio-beegfs-read-unbuffered-block_512k-size_4G-threads_1,barenode,0,0,1,2018-11-21 07:19:42,4,4096.0,MB,read,283,283,rw,512,K,psync,1
fio-beegfs-write-buffered-block_512k-size_2G-threads_2,barenode,1,0,2,2018-11-09 02:13:14,4,2048.0,MB,write,358,358,rw,512,K,psync,1
fio-beegfs-read-unbuffered-block_128k-size_1G-threads_2,barenode,0,0,2,2018-11-21 08:38:12,4,1024.0,MB,read,289,289,rw,128,K,psync,1
fio-beegfs-write-buffered-block_16k-size_2G-threads_4,barenode,1,0,4,2018-11-09 08:43:06,4,2048.0,MB,write,402,402,rw,16,K,psync,1
fio-beegfs-write-buffered-block_16k-size_1G-threads_4,barenode,1,0,4,2018-11-09 06:23:01,4,1024.0,MB,write,409,409,rw,16,K,psync,1
fio-beegfs-read-unbuffered-block_1024k-size_2G-threads_4,barenode,0,0,4,2018-11-21 19:34:30,4,2048.0,MB,read,477,477,rw,1,M,psync,1
fio-beegfs-write-unbuffered-block_64k-size_2G-threads_4,barenode,0,0,4,2018-11-21 17:56:35,4,2048.0,MB,write,374,374,rw,64,K,psync,1
fio-beegfs-write-unbuffered-block_16k-size_1G-threads_4,barenode,0,0,4,2018-11-21 15:01:03,4,1024.0,MB,write,277,277,rw,16,K,psync,1
fio-beegfs-read-buffered-block_128k-size_4G-threads_4,barenode,1,0,4,2018-11-09 14:19:34,4,4096.0,MB,read,2663,2663,rw,128,K,psync,1
fio-beegfs-read-unbuffered-block_128k-size_4G-threads_8,barenode,0,0,8,2018-11-22 16:03:26,4,4096.0,MB,read,447,447,rw,128,K,psync,1
fio-beegfs-read-unbuffered-block_512k-size_1G-threads_2,barenode,0,0,2,2018-11-21 08:54:49,4,1024.0,MB,read,390,390,rw,512,K,psync,1
fio-beegfs-read-unbuffered-block_512k-size_2G-threads_1,barenode,0,0,1,2018-11-21 05:30:18,4,2048.0,MB,read,281,281,rw,512,K,psync,1
fio-beegfs-read-buffered-block_64k-size_1G-threads_2,barenode,1,0,2,2018-11-08 23:34:08,4,1024.0,MB,read,1613,1613,rw,64,K,psync,1
fio-beegfs-write-unbuffered-block_16k-size_2G-threads_1,barenode,0,0,1,2018-11-21 04:48:39,4,2048.0,MB,write,80,80,rw,16,K,psync,1
fio-beegfs-read-unbuffered-block_16k-size_1G-threads_4,barenode,0,0,4,2018-11-21 14:49:04,4,1024.0,MB,read,186,186,rw,16,K,psync,1
fio-beegfs-read-buffered-block_512k-size_1G-threads_2,barenode,1,0,2,2018-11-09 00:07:55,4,1024.0,MB,read,1863,1863,rw,512,K,psync,1
fio-beegfs-read-unbuffered-block_1024k-size_1G-threads_8,barenode,0,0,8,2018-11-22 04:32:32,4,1024.0,MB,read,508,508,rw,1,M,psync,1
fio-beegfs-read-buffered-block_128k-size_2G-threads_1,barenode,1,0,1,2018-11-08 20:22:21,4,2048.0,MB,read,860,860,rw,128,K,psync,1
fio-beegfs-read-unbuffered-block_1024k-size_1G-threads_1,barenode,0,0,1,2018-11-21 04:25:31,4,1024.0,MB,read,282,282,rw,1,M,psync,1
fio-beegfs-read-buffered-block_1024k-size_4G-threads_8,barenode,1,0,8,2018-11-10 12:25:05,4,4096.0,MB,read,2853,2853,rw,1,M,psync,1
fio-beegfs-read-unbuffered-block_64k-size_1G-threads_4,barenode,0,0,4,2018-11-21 15:13:21,4,1024.0,MB,read,349,349,rw,64,K,psync,1
fio-beegfs-read-unbuffered-block_16k-size_4G-threads_8,barenode,0,0,8,2018-11-22 11:43:43,4,4096.0,MB,read,323,323,rw,16,K,psync,1
fio-beegfs-read-buffered-block_1024k-size_2G-threads_1,barenode,1,0,1,2018-11-08 20:55:58,4,2048.0,MB,read,965,965,rw,1,M,psync,1
fio-beegfs-write-unbuffered-block_1024k-size_1G-threads_8,barenode,0,0,8,2018-11-22 04:51:51,4,1024.0,MB,write,383,383,rw,1,M,psync,1
fio-beegfs-read-buffered-block_1024k-size_2G-threads_8,barenode,1,0,8,2018-11-10 01:59:56,4,2048.0,MB,read,2948,2948,rw,1,M,psync,1
fio-beegfs-write-buffered-block_64k-size_2G-threads_8,barenode,1,0,8,2018-11-09 23:01:35,4,2048.0,MB,write,452,452,rw,64,K,psync,1
fio-beegfs-write-buffered-block_1024k-size_1G-threads_4,barenode,1,0,4,2018-11-09 08:02:04,4,1024.0,MB,write,403,403,rw,1,M,psync,1
fio-beegfs-write-buffered-block_1024k-size_2G-threads_8,barenode,1,0,8,2018-11-10 02:35:37,4,2048.0,MB,write,423,423,rw,1,M,psync,1
fio-beegfs-write-buffered-block_1024k-size_2G-threads_1,barenode,1,0,1,2018-11-08 21:04:24,4,2048.0,MB,write,567,567,rw,1,M,psync,1
fio-beegfs-read-unbuffered-block_512k-size_4G-threads_4,barenode,0,0,4,2018-11-21 23:53:57,4,4096.0,MB,read,483,483,rw,512,K,psync,1
fio-beegfs-write-unbuffered-block_1024k-size_1G-threads_2,barenode,0,0,2,2018-11-21 09:19:29,4,1024.0,MB,write,383,383,rw,1,M,psync,1
fio-beegfs-read-buffered-block_16k-size_1G-threads_8,barenode,1,0,8,2018-11-09 17:35:41,4,1024.0,MB,read,2944,2944,rw,16,K,psync,1
fio-beegfs-write-unbuffered-block_64k-size_4G-threads_4,barenode,0,0,4,2018-11-21 22:11:05,4,4096.0,MB,write,376,376,rw,64,K,psync,1
fio-beegfs-write-unbuffered-block_1024k-size_4G-threads_2,barenode,0,0,2,2018-11-21 14:35:47,4,4096.0,MB,write,388,388,rw,1,M,psync,1
fio-beegfs-read-buffered-block_128k-size_1G-threads_1,barenode,1,0,1,2018-11-08 19:07:29,4,1024.0,MB,read,863,863,rw,128,K,psync,1
fio-beegfs-read-unbuffered-block_64k-size_2G-threads_1,barenode,0,0,1,2018-11-21 04:57:05,4,2048.0,MB,read,115,115,rw,64,K,psync,1
fio-beegfs-write-unbuffered-block_1024k-size_4G-threads_8,barenode,0,0,8,2018-11-22 21:31:33,4,4096.0,MB,write,380,380,rw,1,M,psync,1
fio-beegfs-write-unbuffered-block_64k-size_2G-threads_8,barenode,0,0,8,2018-11-22 07:11:14,4,2048.0,MB,write,379,379,rw,64,K,psync,1
fio-beegfs-read-buffered-block_16k-size_1G-threads_2,barenode,1,0,2,2018-11-08 23:17:09,4,1024.0,MB,read,1510,1510,rw,16,K,psync,1
fio-beegfs-read-unbuffered-block_128k-size_4G-threads_1,barenode,0,0,1,2018-11-21 06:55:40,4,4096.0,MB,read,176,176,rw,128,K,psync,1
fio-beegfs-write-buffered-block_64k-size_2G-threads_2,barenode,1,0,2,2018-11-09 01:23:30,4,2048.0,MB,write,347,347,rw,64,K,psync,1
fio-beegfs-read-buffered-block_512k-size_4G-threads_1,barenode,1,0,1,2018-11-08 22:30:35,4,4096.0,MB,read,983,983,rw,512,K,psync,1
fio-beegfs-write-unbuffered-block_16k-size_4G-threads_8,barenode,0,0,8,2018-11-22 12:47:53,4,4096.0,MB,write,361,361,rw,16,K,psync,1
fio-beegfs-write-unbuffered-block_128k-size_4G-threads_2,barenode,0,0,2,2018-11-21 13:17:47,4,4096.0,MB,write,369,369,rw,128,K,psync,1
fio-beegfs-read-unbuffered-block_128k-size_4G-threads_2,barenode,0,0,2,2018-11-21 12:58:33,4,4096.0,MB,read,297,297,rw,128,K,psync,1
fio-beegfs-read-unbuffered-block_1024k-size_1G-threads_2,barenode,0,0,2,2018-11-21 09:11:21,4,1024.0,MB,read,414,414,rw,1,M,psync,1
fio-beegfs-write-buffered-block_512k-size_2G-threads_4,barenode,1,0,4,2018-11-09 10:43:37,4,2048.0,MB,write,407,407,rw,512,K,psync,1
fio-beegfs-read-buffered-block_16k-size_2G-threads_2,barenode,1,0,2,2018-11-09 00:46:20,4,2048.0,MB,read,1512,1512,rw,16,K,psync,1
fio-beegfs-write-unbuffered-block_1024k-size_4G-threads_4,barenode,0,0,4,2018-11-22 01:35:51,4,4096.0,MB,write,384,384,rw,1,M,psync,1
fio-beegfs-read-unbuffered-block_128k-size_2G-threads_1,barenode,0,0,1,2018-11-21 05:13:43,4,2048.0,MB,read,179,179,rw,128,K,psync,1
fio-beegfs-write-unbuffered-block_512k-size_2G-threads_8,barenode,0,0,8,2018-11-22 09:29:27,4,2048.0,MB,write,386,386,rw,512,K,psync,1
fio-beegfs-read-unbuffered-block_64k-size_1G-threads_8,barenode,0,0,8,2018-11-22 02:35:31,4,1024.0,MB,read,425,425,rw,64,K,psync,1
fio-beegfs-read-buffered-block_1024k-size_4G-threads_2,barenode,1,0,2,2018-11-09 05:37:18,4,4096.0,MB,read,1899,1899,rw,1,M,psync,1
fio-beegfs-write-buffered-block_1024k-size_4G-threads_1,barenode,1,0,1,2018-11-08 23:07:22,4,4096.0,MB,write,300,300,rw,1,M,psync,1
fio-beegfs-write-buffered-block_16k-size_4G-threads_2,barenode,1,0,2,2018-11-09 03:18:03,4,4096.0,MB,write,330,330,rw,16,K,psync,1
fio-beegfs-read-buffered-block_64k-size_4G-threads_2,barenode,1,0,2,2018-11-09 03:38:08,4,4096.0,MB,read,1615,1615,rw,64,K,psync,1
fio-beegfs-read-unbuffered-block_512k-size_4G-threads_2,barenode,0,0,2,2018-11-21 13:37:24,4,4096.0,MB,read,412,412,rw,512,K,psync,1
fio-beegfs-write-buffered-block_16k-size_4G-threads_4,barenode,1,0,4,2018-11-09 12:34:27,4,4096.0,MB,write,395,395,rw,16,K,psync,1
fio-beegfs-read-unbuffered-block_128k-size_1G-threads_1,barenode,0,0,1,2018-11-21 03:59:56,4,1024.0,MB,read,176,176,rw,128,K,psync,1
fio-beegfs-write-unbuffered-block_16k-size_4G-threads_4,barenode,0,0,4,2018-11-21 21:02:22,4,4096.0,MB,write,281,281,rw,16,K,psync,1
fio-beegfs-write-unbuffered-block_128k-size_2G-threads_1,barenode,0,0,1,2018-11-21 05:21:50,4,2048.0,MB,write,235,235,rw,128,K,psync,1
fio-beegfs-write-buffered-block_128k-size_4G-threads_2,barenode,1,0,2,2018-11-09 04:37:50,4,4096.0,MB,write,354,354,rw,128,K,psync,1
fio-beegfs-read-buffered-block_64k-size_2G-threads_8,barenode,1,0,8,2018-11-09 22:25:35,4,2048.0,MB,read,2946,2946,rw,64,K,psync,1
fio-beegfs-write-buffered-block_1024k-size_1G-threads_1,barenode,1,0,1,2018-11-08 19:39:41,4,1024.0,MB,write,581,581,rw,1,M,psync,1
fio-beegfs-read-unbuffered-block_16k-size_4G-threads_2,barenode,0,0,2,2018-11-21 11:40:40,4,4096.0,MB,read,99,99,rw,16,K,psync,1
fio-beegfs-write-buffered-block_128k-size_1G-threads_2,barenode,1,0,2,2018-11-08 23:59:21,4,1024.0,MB,write,791,791,rw,128,K,psync,1
fio-beegfs-write-unbuffered-block_128k-size_2G-threads_2,barenode,0,0,2,2018-11-21 10:32:24,4,2048.0,MB,write,375,375,rw,128,K,psync,1
fio-beegfs-read-unbuffered-block_128k-size_1G-threads_8,barenode,0,0,8,2018-11-22 03:14:32,4,1024.0,MB,read,444,444,rw,128,K,psync,1
fio-beegfs-write-buffered-block_64k-size_1G-threads_4,barenode,1,0,4,2018-11-09 06:48:04,4,1024.0,MB,write,421,421,rw,64,K,psync,1
fio-beegfs-write-buffered-block_128k-size_4G-threads_8,barenode,1,0,8,2018-11-10 09:09:39,4,4096.0,MB,write,433,433,rw,128,K,psync,1
fio-beegfs-write-buffered-block_1024k-size_2G-threads_4,barenode,1,0,4,2018-11-09 11:23:32,4,2048.0,MB,write,404,404,rw,1,M,psync,1
fio-beegfs-write-buffered-block_16k-size_1G-threads_1,barenode,1,0,1,2018-11-08 18:47:51,4,1024.0,MB,write,523,523,rw,16,K,psync,1
fio-beegfs-read-buffered-block_128k-size_1G-threads_4,barenode,1,0,4,2018-11-09 07:00:28,4,1024.0,MB,read,2647,2647,rw,128,K,psync,1
fio-beegfs-write-unbuffered-block_64k-size_1G-threads_2,barenode,0,0,2,2018-11-21 08:29:43,4,1024.0,MB,write,353,353,rw,64,K,psync,1
fio-beegfs-read-buffered-block_16k-size_2G-threads_8,barenode,1,0,8,2018-11-09 21:14:13,4,2048.0,MB,read,2943,2943,rw,16,K,psync,1
fio-beegfs-write-unbuffered-block_128k-size_2G-threads_4,barenode,0,0,4,2018-11-21 18:35:39,4,2048.0,MB,write,381,381,rw,128,K,psync,1
fio-beegfs-read-buffered-block_1024k-size_1G-threads_2,barenode,1,0,2,2018-11-09 00:24:51,4,1024.0,MB,read,1866,1866,rw,1,M,psync,1
fio-beegfs-read-unbuffered-block_512k-size_1G-threads_8,barenode,0,0,8,2018-11-22 03:53:36,4,1024.0,MB,read,506,506,rw,512,K,psync,1
fio-beegfs-read-buffered-block_512k-size_2G-threads_2,barenode,1,0,2,2018-11-09 02:00:50,4,2048.0,MB,read,1868,1868,rw,512,K,psync,1
fio-beegfs-write-buffered-block_512k-size_1G-threads_4,barenode,1,0,4,2018-11-09 07:37:28,4,1024.0,MB,write,416,416,rw,512,K,psync,1
fio-beegfs-write-buffered-block_64k-size_2G-threads_4,barenode,1,0,4,2018-11-09 09:23:28,4,2048.0,MB,write,402,402,rw,64,K,psync,1
fio-beegfs-write-buffered-block_128k-size_2G-threads_1,barenode,1,0,1,2018-11-08 20:30:37,4,2048.0,MB,write,493,493,rw,128,K,psync,1
fio-beegfs-write-unbuffered-block_128k-size_1G-threads_1,barenode,0,0,1,2018-11-21 04:06:10,4,1024.0,MB,write,232,232,rw,128,K,psync,1
fio-beegfs-write-buffered-block_64k-size_4G-threads_8,barenode,1,0,8,2018-11-10 06:58:37,4,4096.0,MB,write,417,417,rw,64,K,psync,1
fio-beegfs-read-buffered-block_64k-size_2G-threads_4,barenode,1,0,4,2018-11-09 09:03:16,4,2048.0,MB,read,2615,2615,rw,64,K,psync,1
fio-beegfs-read-buffered-block_64k-size_1G-threads_8,barenode,1,0,8,2018-11-09 18:16:15,4,1024.0,MB,read,2945,2945,rw,64,K,psync,1
fio-beegfs-read-unbuffered-block_16k-size_1G-threads_1,barenode,0,0,1,2018-11-21 03:34:18,4,1024.0,MB,read,46,46,rw,16,K,psync,1
fio-beegfs-write-unbuffered-block_512k-size_2G-threads_1,barenode,0,0,1,2018-11-21 05:38:25,4,2048.0,MB,write,333,333,rw,512,K,psync,1
fio-beegfs-read-unbuffered-block_512k-size_1G-threads_1,barenode,0,0,1,2018-11-21 04:12:44,4,1024.0,MB,read,281,281,rw,512,K,psync,1
fio-beegfs-write-unbuffered-block_1024k-size_1G-threads_1,barenode,0,0,1,2018-11-21 04:31:43,4,1024.0,MB,write,333,333,rw,1,M,psync,1
fio-beegfs-read-unbuffered-block_1024k-size_4G-threads_8,barenode,0,0,8,2018-11-22 20:26:56,4,4096.0,MB,read,512,512,rw,1,M,psync,1
fio-beegfs-read-buffered-block_512k-size_2G-threads_4,barenode,1,0,4,2018-11-09 10:23:32,4,2048.0,MB,read,2823,2823,rw,512,K,psync,1
fio-beegfs-read-unbuffered-block_512k-size_4G-threads_8,barenode,0,0,8,2018-11-22 18:15:18,4,4096.0,MB,read,506,506,rw,512,K,psync,1
fio-beegfs-write-buffered-block_512k-size_1G-threads_2,barenode,1,0,2,2018-11-09 00:16:16,4,1024.0,MB,write,988,988,rw,512,K,psync,1
fio-beegfs-write-buffered-block_512k-size_2G-threads_8,barenode,1,0,8,2018-11-10 01:24:22,4,2048.0,MB,write,429,429,rw,512,K,psync,1
fio-beegfs-write-buffered-block_64k-size_4G-threads_2,barenode,1,0,2,2018-11-09 03:57:56,4,4096.0,MB,write,347,347,rw,64,K,psync,1
fio-beegfs-write-unbuffered-block_64k-size_1G-threads_1,barenode,0,0,1,2018-11-21 03:53:22,4,1024.0,MB,write,177,177,rw,64,K,psync,1
fio-beegfs-write-unbuffered-block_1024k-size_2G-threads_1,barenode,0,0,1,2018-11-21 05:55:01,4,2048.0,MB,write,332,332,rw,1,M,psync,1
fio-beegfs-write-buffered-block_128k-size_1G-threads_4,barenode,1,0,4,2018-11-09 07:12:41,4,1024.0,MB,write,414,414,rw,128,K,psync,1
fio-beegfs-read-buffered-block_128k-size_2G-threads_4,barenode,1,0,4,2018-11-09 09:43:31,4,2048.0,MB,read,2654,2654,rw,128,K,psync,1
fio-beegfs-write-buffered-block_128k-size_2G-threads_4,barenode,1,0,4,2018-11-09 10:03:34,4,2048.0,MB,write,384,384,rw,128,K,psync,1
fio-beegfs-write-unbuffered-block_512k-size_2G-threads_4,barenode,0,0,4,2018-11-21 19:14:50,4,2048.0,MB,write,383,383,rw,512,K,psync,1
fio-beegfs-read-unbuffered-block_1024k-size_2G-threads_1,barenode,0,0,1,2018-11-21 05:46:52,4,2048.0,MB,read,282,282,rw,1,M,psync,1
fio-beegfs-read-buffered-block_16k-size_4G-threads_4,barenode,1,0,4,2018-11-09 11:59:06,4,4096.0,MB,read,2462,2462,rw,16,K,psync,1
fio-beegfs-read-unbuffered-block_16k-size_4G-threads_4,barenode,0,0,4,2018-11-21 20:28:30,4,4096.0,MB,read,188,188,rw,16,K,psync,1
fio-beegfs-write-buffered-block_512k-size_4G-threads_2,barenode,1,0,2,2018-11-09 05:17:29,4,4096.0,MB,write,360,360,rw,512,K,psync,1
fio-beegfs-read-unbuffered-block_16k-size_2G-threads_2,barenode,0,0,2,2018-11-21 09:32:02,4,2048.0,MB,read,97,97,rw,16,K,psync,1
fio-beegfs-write-buffered-block_64k-size_2G-threads_1,barenode,1,0,1,2018-11-08 20:13:53,4,2048.0,MB,write,516,516,rw,64,K,psync,1
fio-beegfs-write-unbuffered-block_16k-size_2G-threads_4,barenode,0,0,4,2018-11-21 17:17:23,4,2048.0,MB,write,277,277,rw,16,K,psync,1
fio-beegfs-write-buffered-block_16k-size_1G-threads_2,barenode,1,0,2,2018-11-08 23:25:33,4,1024.0,MB,write,536,536,rw,16,K,psync,1
fio-beegfs-read-unbuffered-block_64k-size_4G-threads_1,barenode,0,0,1,2018-11-21 06:31:40,4,4096.0,MB,read,115,115,rw,64,K,psync,1
fio-beegfs-write-unbuffered-block_1024k-size_2G-threads_8,barenode,0,0,8,2018-11-22 10:38:14,4,2048.0,MB,write,385,385,rw,1,M,psync,1
fio-beegfs-read-buffered-block_512k-size_2G-threads_1,barenode,1,0,1,2018-11-08 20:39:05,4,2048.0,MB,read,965,965,rw,512,K,psync,1
fio-beegfs-read-unbuffered-block_64k-size_2G-threads_2,barenode,0,0,2,2018-11-21 09:56:21,4,2048.0,MB,read,216,216,rw,64,K,psync,1
fio-beegfs-write-unbuffered-block_128k-size_1G-threads_8,barenode,0,0,8,2018-11-22 03:33:53,4,1024.0,MB,write,383,383,rw,128,K,psync,1
fio-beegfs-read-buffered-block_128k-size_1G-threads_2,barenode,1,0,2,2018-11-08 23:51:01,4,1024.0,MB,read,1622,1622,rw,128,K,psync,1
fio-beegfs-read-buffered-block_128k-size_4G-threads_1,barenode,1,0,1,2018-11-08 22:05:54,4,4096.0,MB,read,873,873,rw,128,K,psync,1
fio-beegfs-read-unbuffered-block_1024k-size_4G-threads_4,barenode,0,0,4,2018-11-22 01:01:59,4,4096.0,MB,read,480,480,rw,1,M,psync,1
fio-beegfs-write-buffered-block_1024k-size_4G-threads_8,barenode,1,0,8,2018-11-10 13:30:47,4,4096.0,MB,write,410,410,rw,1,M,psync,1
fio-beegfs-write-buffered-block_128k-size_4G-threads_4,barenode,1,0,4,2018-11-09 14:54:31,4,4096.0,MB,write,390,390,rw,128,K,psync,1
fio-beegfs-write-unbuffered-block_128k-size_4G-threads_1,barenode,0,0,1,2018-11-21 07:07:30,4,4096.0,MB,write,232,232,rw,128,K,psync,1
fio-beegfs-read-buffered-block_128k-size_2G-threads_2,barenode,1,0,2,2018-11-09 01:35:58,4,2048.0,MB,read,1623,1623,rw,128,K,psync,1
fio-beegfs-write-unbuffered-block_64k-size_2G-threads_1,barenode,0,0,1,2018-11-21 05:05:14,4,2048.0,MB,write,178,178,rw,64,K,psync,1
fio-beegfs-read-buffered-block_512k-size_4G-threads_4,barenode,1,0,4,2018-11-09 15:29:28,4,4096.0,MB,read,2827,2827,rw,512,K,psync,1
fio-beegfs-read-unbuffered-block_512k-size_1G-threads_4,barenode,0,0,4,2018-11-21 16:01:34,4,1024.0,MB,read,479,479,rw,512,K,psync,1
fio-beegfs-read-buffered-block_128k-size_2G-threads_8,barenode,1,0,8,2018-11-09 23:37:11,4,2048.0,MB,read,2946,2946,rw,128,K,psync,1
fio-beegfs-read-unbuffered-block_128k-size_4G-threads_4,barenode,0,0,4,2018-11-21 22:45:37,4,4096.0,MB,read,396,396,rw,128,K,psync,1
fio-beegfs-write-unbuffered-block_64k-size_4G-threads_2,barenode,0,0,2,2018-11-21 12:39:06,4,4096.0,MB,write,354,354,rw,64,K,psync,1
fio-beegfs-write-unbuffered-block_128k-size_1G-threads_2,barenode,0,0,2,2018-11-21 08:46:22,4,1024.0,MB,write,368,368,rw,128,K,psync,1
fio-beegfs-write-unbuffered-block_512k-size_4G-threads_4,barenode,0,0,4,2018-11-22 00:27:40,4,4096.0,MB,write,384,384,rw,512,K,psync,1
fio-beegfs-read-buffered-block_512k-size_1G-threads_4,barenode,1,0,4,2018-11-09 07:25:02,4,1024.0,MB,read,2828,2828,rw,512,K,psync,1
fio-beegfs-read-buffered-block_1024k-size_4G-threads_4,barenode,1,0,4,2018-11-09 16:39:28,4,4096.0,MB,read,2813,2813,rw,1,M,psync,1
fio-beegfs-write-buffered-block_512k-size_4G-threads_4,barenode,1,0,4,2018-11-09 16:04:33,4,4096.0,MB,write,413,413,rw,512,K,psync,1
fio-beegfs-write-buffered-block_512k-size_4G-threads_1,barenode,1,0,1,2018-11-08 22:42:58,4,4096.0,MB,write,318,318,rw,512,K,psync,1
fio-beegfs-read-buffered-block_128k-size_1G-threads_8,barenode,1,0,8,2018-11-09 18:56:48,4,1024.0,MB,read,2946,2946,rw,128,K,psync,1
fio-beegfs-read-buffered-block_64k-size_4G-threads_1,barenode,1,0,1,2018-11-08 21:41:24,4,4096.0,MB,read,857,857,rw,64,K,psync,1
fio-beegfs-read-unbuffered-block_1024k-size_2G-threads_8,barenode,0,0,8,2018-11-22 10:04:06,4,2048.0,MB,read,506,506,rw,1,M,psync,1
fio-beegfs-write-unbuffered-block_1024k-size_1G-threads_4,barenode,0,0,4,2018-11-21 16:37:32,4,1024.0,MB,write,384,384,rw,1,M,psync,1
fio-beegfs-write-buffered-block_128k-size_2G-threads_2,k8s,1,0,2,2018-11-19 02:33:46,4,2048.0,MB,write,520,520,rw,128,K,psync,1
fio-beegfs-write-buffered-block_64k-size_1G-threads_1,k8s,1,0,1,2018-11-18 19:49:41,4,1024.0,MB,write,642,642,rw,64,K,psync,1
fio-beegfs-write-buffered-block_64k-size_4G-threads_1,k8s,1,0,1,2018-11-18 22:41:47,4,4096.0,MB,write,386,386,rw,64,K,psync,1
fio-beegfs-write-unbuffered-block_512k-size_2G-threads_2,k8s,0,0,2,2018-11-23 14:28:10,4,2048.0,MB,write,372,372,rw,512,K,psync,1
fio-beegfs-write-buffered-block_128k-size_4G-threads_1,k8s,1,0,1,2018-11-18 23:05:59,4,4096.0,MB,write,361,361,rw,128,K,psync,1
fio-beegfs-write-unbuffered-block_1024k-size_1G-threads_8,k8s,0,0,8,2018-11-24 07:59:37,4,1024.0,MB,write,375,375,rw,1,M,psync,1
fio-beegfs-write-unbuffered-block_128k-size_1G-threads_1,k8s,0,0,1,2018-11-23 07:42:47,4,1024.0,MB,write,252,252,rw,128,K,psync,1
fio-beegfs-write-buffered-block_512k-size_1G-threads_4,k8s,1,0,4,2018-11-19 08:18:48,4,1024.0,MB,write,1130,1130,rw,512,K,psync,1
fio-beegfs-write-unbuffered-block_512k-size_4G-threads_2,k8s,0,0,2,2018-11-23 17:22:43,4,4096.0,MB,write,381,381,rw,512,K,psync,1
fio-beegfs-write-buffered-block_64k-size_2G-threads_2,k8s,1,0,2,2018-11-19 02:09:34,4,2048.0,MB,write,607,607,rw,64,K,psync,1
fio-beegfs-write-buffered-block_512k-size_2G-threads_8,k8s,1,0,8,2018-11-20 01:47:22,4,2048.0,MB,write,452,452,rw,512,K,psync,1
fio-beegfs-write-buffered-block_128k-size_1G-threads_2,k8s,1,0,2,2018-11-19 00:46:22,4,1024.0,MB,write,855,855,rw,128,K,psync,1
fio-beegfs-read-unbuffered-block_16k-size_1G-threads_4,k8s,0,0,4,2018-11-23 18:13:32,4,1024.0,MB,read,185,185,rw,16,K,psync,1
fio-beegfs-read-unbuffered-block_512k-size_2G-threads_4,k8s,0,0,4,2018-11-23 22:14:52,4,2048.0,MB,read,478,478,rw,512,K,psync,1
fio-beegfs-write-buffered-block_16k-size_1G-threads_4,k8s,1,0,4,2018-11-19 07:05:10,4,1024.0,MB,write,953,953,rw,16,K,psync,1
fio-beegfs-read-unbuffered-block_1024k-size_4G-threads_1,k8s,0,0,1,2018-11-23 11:17:30,4,4096.0,MB,read,282,282,rw,1,M,psync,1
fio-beegfs-write-unbuffered-block_1024k-size_4G-threads_1,k8s,0,0,1,2018-11-23 11:29:05,4,4096.0,MB,write,331,331,rw,1,M,psync,1
fio-beegfs-read-buffered-block_16k-size_2G-threads_4,k8s,1,0,4,2018-11-19 09:03:44,4,2048.0,MB,read,2466,2466,rw,16,K,psync,1
fio-beegfs-write-unbuffered-block_16k-size_1G-threads_2,k8s,0,0,2,2018-11-23 11:46:26,4,1024.0,MB,write,144,144,rw,16,K,psync,1
fio-beegfs-write-unbuffered-block_128k-size_4G-threads_8,k8s,0,0,8,2018-11-24 20:00:24,4,4096.0,MB,write,385,385,rw,128,K,psync,1
fio-beegfs-read-buffered-block_16k-size_1G-threads_1,k8s,1,0,1,2018-11-18 19:30:26,4,1024.0,MB,read,921,921,rw,16,K,psync,1
fio-beegfs-read-unbuffered-block_128k-size_4G-threads_8,k8s,0,0,8,2018-11-24 18:56:51,4,4096.0,MB,read,427,427,rw,128,K,psync,1
fio-beegfs-write-buffered-block_1024k-size_2G-threads_1,k8s,1,0,1,2018-11-18 21:52:49,4,2048.0,MB,write,404,404,rw,1,M,psync,1
fio-beegfs-write-unbuffered-block_128k-size_1G-threads_4,k8s,0,0,4,2018-11-23 19:12:36,4,1024.0,MB,write,373,373,rw,128,K,psync,1
fio-beegfs-read-unbuffered-block_16k-size_2G-threads_4,k8s,0,0,4,2018-11-23 20:19:16,4,2048.0,MB,read,186,186,rw,16,K,psync,1
fio-beegfs-read-buffered-block_1024k-size_1G-threads_8,k8s,1,0,8,2018-11-19 20:47:15,4,1024.0,MB,read,2948,2948,rw,1,M,psync,1
fio-beegfs-write-unbuffered-block_16k-size_2G-threads_2,k8s,0,0,2,2018-11-23 13:16:27,4,2048.0,MB,write,144,144,rw,16,K,psync,1
fio-beegfs-read-buffered-block_128k-size_4G-threads_8,k8s,1,0,8,2018-11-20 08:23:58,4,4096.0,MB,read,1380,1380,rw,128,K,psync,1
fio-beegfs-read-buffered-block_128k-size_4G-threads_4,k8s,1,0,4,2018-11-19 14:56:29,4,4096.0,MB,read,2628,2628,rw,128,K,psync,1
fio-beegfs-read-buffered-block_1024k-size_4G-threads_1,k8s,1,0,1,2018-11-18 23:42:24,4,4096.0,MB,read,1101,1101,rw,1,M,psync,1
fio-beegfs-read-unbuffered-block_512k-size_1G-threads_2,k8s,0,0,2,2018-11-23 12:27:33,4,1024.0,MB,read,398,398,rw,512,K,psync,1
fio-beegfs-read-unbuffered-block_512k-size_2G-threads_8,k8s,0,0,8,2018-11-24 11:59:42,4,2048.0,MB,read,512,512,rw,512,K,psync,1
fio-beegfs-read-unbuffered-block_512k-size_2G-threads_2,k8s,0,0,2,2018-11-23 14:16:28,4,2048.0,MB,read,410,410,rw,512,K,psync,1
fio-beegfs-write-buffered-block_16k-size_2G-threads_2,k8s,1,0,2,2018-11-19 01:44:55,4,2048.0,MB,write,488,488,rw,16,K,psync,1
fio-beegfs-write-unbuffered-block_16k-size_1G-threads_8,k8s,0,0,8,2018-11-24 05:25:36,4,1024.0,MB,write,361,361,rw,16,K,psync,1
fio-beegfs-read-unbuffered-block_128k-size_2G-threads_2,k8s,0,0,2,2018-11-23 13:52:37,4,2048.0,MB,read,294,294,rw,128,K,psync,1
fio-beegfs-write-buffered-block_128k-size_1G-threads_4,k8s,1,0,4,2018-11-19 07:54:20,4,1024.0,MB,write,1034,1034,rw,128,K,psync,1
fio-beegfs-read-unbuffered-block_128k-size_1G-threads_1,k8s,0,0,1,2018-11-23 07:36:36,4,1024.0,MB,read,180,180,rw,128,K,psync,1
fio-beegfs-write-unbuffered-block_16k-size_4G-threads_2,k8s,0,0,2,2018-11-23 15:29:38,4,4096.0,MB,write,145,145,rw,16,K,psync,1
fio-beegfs-read-buffered-block_128k-size_2G-threads_4,k8s,1,0,4,2018-11-19 10:23:32,4,2048.0,MB,read,2630,2630,rw,128,K,psync,1
fio-beegfs-write-unbuffered-block_64k-size_1G-threads_8,k8s,0,0,8,2018-11-24 06:04:34,4,1024.0,MB,write,377,377,rw,64,K,psync,1
fio-beegfs-write-unbuffered-block_16k-size_2G-threads_4,k8s,0,0,4,2018-11-23 20:38:31,4,2048.0,MB,write,278,278,rw,16,K,psync,1
fio-beegfs-read-buffered-block_512k-size_4G-threads_8,k8s,1,0,8,2018-11-20 10:34:42,4,4096.0,MB,read,1487,1487,rw,512,K,psync,1
fio-beegfs-read-unbuffered-block_16k-size_4G-threads_1,k8s,0,0,1,2018-11-23 09:42:18,4,4096.0,MB,read,47,47,rw,16,K,psync,1
fio-beegfs-read-unbuffered-block_16k-size_4G-threads_8,k8s,0,0,8,2018-11-24 14:44:12,4,4096.0,MB,read,323,323,rw,16,K,psync,1
fio-beegfs-write-buffered-block_16k-size_2G-threads_4,k8s,1,0,4,2018-11-19 09:23:56,4,2048.0,MB,write,455,455,rw,16,K,psync,1
fio-beegfs-write-unbuffered-block_64k-size_2G-threads_4,k8s,0,0,4,2018-11-23 21:17:15,4,2048.0,MB,write,374,374,rw,64,K,psync,1
fio-beegfs-read-unbuffered-block_16k-size_4G-threads_2,k8s,0,0,2,2018-11-23 15:10:57,4,4096.0,MB,read,95,95,rw,16,K,psync,1
fio-beegfs-write-unbuffered-block_1024k-size_1G-threads_2,k8s,0,0,2,2018-11-23 12:52:00,4,1024.0,MB,write,377,377,rw,1,M,psync,1
fio-beegfs-read-buffered-block_1024k-size_1G-threads_2,k8s,1,0,2,2018-11-19 01:11:28,4,1024.0,MB,read,1850,1850,rw,1,M,psync,1
fio-beegfs-write-unbuffered-block_512k-size_1G-threads_4,k8s,0,0,4,2018-11-23 19:36:03,4,1024.0,MB,write,385,385,rw,512,K,psync,1
fio-beegfs-read-buffered-block_512k-size_1G-threads_8,k8s,1,0,8,2018-11-19 20:07:44,4,1024.0,MB,read,2948,2948,rw,512,K,psync,1
fio-beegfs-write-unbuffered-block_16k-size_2G-threads_8,k8s,0,0,8,2018-11-24 09:07:57,4,2048.0,MB,write,359,359,rw,16,K,psync,1
fio-beegfs-write-buffered-block_64k-size_1G-threads_4,k8s,1,0,4,2018-11-19 07:29:44,4,1024.0,MB,write,1164,1164,rw,64,K,psync,1
fio-beegfs-write-unbuffered-block_512k-size_1G-threads_2,k8s,0,0,2,2018-11-23 12:35:37,4,1024.0,MB,write,386,386,rw,512,K,psync,1
fio-beegfs-write-buffered-block_64k-size_1G-threads_2,k8s,1,0,2,2018-11-19 00:29:37,4,1024.0,MB,write,803,803,rw,64,K,psync,1
fio-beegfs-read-unbuffered-block_16k-size_2G-threads_1,k8s,0,0,1,2018-11-23 08:16:47,4,2048.0,MB,read,49,49,rw,16,K,psync,1
fio-beegfs-write-unbuffered-block_512k-size_1G-threads_8,k8s,0,0,8,2018-11-24 07:21:05,4,1024.0,MB,write,374,374,rw,512,K,psync,1
fio-beegfs-write-unbuffered-block_128k-size_2G-threads_2,k8s,0,0,2,2018-11-23 14:04:18,4,2048.0,MB,write,366,366,rw,128,K,psync,1
fio-beegfs-read-buffered-block_512k-size_1G-threads_4,k8s,1,0,4,2018-11-19 08:06:28,4,1024.0,MB,read,2859,2859,rw,512,K,psync,1
fio-beegfs-write-unbuffered-block_64k-size_1G-threads_4,k8s,0,0,4,2018-11-23 18:48:55,4,1024.0,MB,write,369,369,rw,64,K,psync,1
fio-beegfs-read-buffered-block_16k-size_2G-threads_1,k8s,1,0,1,2018-11-18 20:37:20,4,2048.0,MB,read,909,909,rw,16,K,psync,1
fio-beegfs-read-unbuffered-block_128k-size_1G-threads_2,k8s,0,0,2,2018-11-23 12:11:07,4,1024.0,MB,read,286,286,rw,128,K,psync,1
fio-beegfs-read-buffered-block_512k-size_2G-threads_2,k8s,1,0,2,2018-11-19 02:45:52,4,2048.0,MB,read,1843,1843,rw,512,K,psync,1
fio-beegfs-read-unbuffered-block_128k-size_2G-threads_8,k8s,0,0,8,2018-11-24 10:51:01,4,2048.0,MB,read,444,444,rw,128,K,psync,1
fio-beegfs-read-buffered-block_128k-size_2G-threads_8,k8s,1,0,8,2018-11-20 00:02:14,4,2048.0,MB,read,2943,2943,rw,128,K,psync,1
fio-beegfs-read-unbuffered-block_1024k-size_1G-threads_2,k8s,0,0,2,2018-11-23 12:43:58,4,1024.0,MB,read,409,409,rw,1,M,psync,1
fio-beegfs-write-unbuffered-block_64k-size_4G-threads_4,k8s,0,0,4,2018-11-24 01:25:52,4,4096.0,MB,write,367,367,rw,64,K,psync,1
fio-beegfs-read-buffered-block_64k-size_4G-threads_4,k8s,1,0,4,2018-11-19 13:47:14,4,4096.0,MB,read,2636,2636,rw,64,K,psync,1
fio-beegfs-write-unbuffered-block_1024k-size_2G-threads_4,k8s,0,0,4,2018-11-23 23:12:31,4,2048.0,MB,write,385,385,rw,1,M,psync,1
fio-beegfs-read-buffered-block_16k-size_2G-threads_2,k8s,1,0,2,2018-11-19 01:32:26,4,2048.0,MB,read,1453,1453,rw,16,K,psync,1
fio-beegfs-write-unbuffered-block_16k-size_1G-threads_4,k8s,0,0,4,2018-11-23 18:25:15,4,1024.0,MB,write,278,278,rw,16,K,psync,1
fio-beegfs-write-unbuffered-block_1024k-size_4G-threads_2,k8s,0,0,2,2018-11-23 18:00:27,4,4096.0,MB,write,377,377,rw,1,M,psync,1
fio-beegfs-read-unbuffered-block_64k-size_1G-threads_2,k8s,0,0,2,2018-11-23 11:54:44,4,1024.0,MB,read,222,222,rw,64,K,psync,1
fio-beegfs-read-unbuffered-block_512k-size_4G-threads_4,k8s,0,0,4,2018-11-24 03:05:53,4,4096.0,MB,read,479,479,rw,512,K,psync,1
fio-beegfs-write-unbuffered-block_64k-size_2G-threads_2,k8s,0,0,2,2018-11-23 13:40:31,4,2048.0,MB,write,309,309,rw,64,K,psync,1
fio-beegfs-read-unbuffered-block_1024k-size_4G-threads_2,k8s,0,0,2,2018-11-23 17:41:45,4,4096.0,MB,read,410,410,rw,1,M,psync,1
fio-beegfs-write-unbuffered-block_1024k-size_2G-threads_2,k8s,0,0,2,2018-11-23 14:51:41,4,2048.0,MB,write,380,380,rw,1,M,psync,1
fio-beegfs-write-unbuffered-block_16k-size_2G-threads_1,k8s,0,0,1,2018-11-23 08:24:47,4,2048.0,MB,write,79,79,rw,16,K,psync,1
fio-beegfs-read-buffered-block_128k-size_1G-threads_1,k8s,1,0,1,2018-11-18 19:56:16,4,1024.0,MB,read,960,960,rw,128,K,psync,1
fio-beegfs-read-unbuffered-block_512k-size_2G-threads_1,k8s,0,0,1,2018-11-23 09:05:40,4,2048.0,MB,read,287,287,rw,512,K,psync,1
fio-beegfs-write-unbuffered-block_1024k-size_1G-threads_1,k8s,0,0,1,2018-11-23 08:08:09,4,1024.0,MB,write,330,330,rw,1,M,psync,1
fio-beegfs-write-buffered-block_512k-size_2G-threads_1,k8s,1,0,1,2018-11-18 21:36:00,4,2048.0,MB,write,482,482,rw,512,K,psync,1
fio-beegfs-read-unbuffered-block_16k-size_2G-threads_2,k8s,0,0,2,2018-11-23 13:04:33,4,2048.0,MB,read,94,94,rw,16,K,psync,1
fio-beegfs-write-buffered-block_512k-size_4G-threads_8,k8s,1,0,8,2018-11-20 11:40:14,4,4096.0,MB,write,456,456,rw,512,K,psync,1
fio-beegfs-write-unbuffered-block_512k-size_2G-threads_8,k8s,0,0,8,2018-11-24 12:33:27,4,2048.0,MB,write,383,383,rw,512,K,psync,1
fio-beegfs-read-buffered-block_128k-size_4G-threads_1,k8s,1,0,1,2018-11-18 22:53:47,4,4096.0,MB,read,983,983,rw,128,K,psync,1
fio-beegfs-write-buffered-block_64k-size_4G-threads_8,k8s,1,0,8,2018-11-20 07:18:56,4,4096.0,MB,write,453,453,rw,64,K,psync,1
fio-beegfs-write-unbuffered-block_512k-size_4G-threads_1,k8s,0,0,1,2018-11-23 11:05:22,4,4096.0,MB,write,329,329,rw,512,K,psync,1
fio-beegfs-write-buffered-block_1024k-size_1G-threads_2,k8s,1,0,2,2018-11-19 01:19:49,4,1024.0,MB,write,1044,1044,rw,1,M,psync,1
fio-beegfs-read-unbuffered-block_128k-size_1G-threads_4,k8s,0,0,4,2018-11-23 19:01:00,4,1024.0,MB,read,399,399,rw,128,K,psync,1
fio-beegfs-read-unbuffered-block_1024k-size_1G-threads_8,k8s,0,0,8,2018-11-24 07:40:35,4,1024.0,MB,read,509,509,rw,1,M,psync,1
fio-beegfs-write-buffered-block_16k-size_1G-threads_8,k8s,1,0,8,2018-11-19 18:30:01,4,1024.0,MB,write,460,460,rw,16,K,psync,1
fio-beegfs-read-unbuffered-block_1024k-size_2G-threads_1,k8s,0,0,1,2018-11-23 09:22:01,4,2048.0,MB,read,290,290,rw,1,M,psync,1
fio-beegfs-write-buffered-block_16k-size_4G-threads_8,k8s,1,0,8,2018-11-20 05:08:26,4,4096.0,MB,write,462,462,rw,16,K,psync,1
fio-beegfs-write-unbuffered-block_128k-size_1G-threads_2,k8s,0,0,2,2018-11-23 12:19:11,4,1024.0,MB,write,361,361,rw,128,K,psync,1
fio-beegfs-write-buffered-block_128k-size_4G-threads_8,k8s,1,0,8,2018-11-20 09:29:19,4,4096.0,MB,write,461,461,rw,128,K,psync,1
fio-beegfs-read-unbuffered-block_64k-size_1G-threads_8,k8s,0,0,8,2018-11-24 05:45:20,4,1024.0,MB,read,422,422,rw,64,K,psync,1
fio-beegfs-write-buffered-block_16k-size_2G-threads_1,k8s,1,0,1,2018-11-18 20:45:40,4,2048.0,MB,write,402,402,rw,16,K,psync,1
fio-beegfs-write-buffered-block_1024k-size_2G-threads_8,k8s,1,0,8,2018-11-20 02:56:58,4,2048.0,MB,write,455,455,rw,1,M,psync,1
fio-beegfs-write-unbuffered-block_512k-size_4G-threads_8,k8s,0,0,8,2018-11-24 22:05:13,4,4096.0,MB,write,386,386,rw,512,K,psync,1
fio-beegfs-read-buffered-block_512k-size_4G-threads_4,k8s,1,0,4,2018-11-19 16:05:33,4,4096.0,MB,read,2856,2856,rw,512,K,psync,1
fio-beegfs-read-unbuffered-block_1024k-size_2G-threads_4,k8s,0,0,4,2018-11-23 22:53:23,4,2048.0,MB,read,477,477,rw,1,M,psync,1
fio-beegfs-read-unbuffered-block_16k-size_1G-threads_8,k8s,0,0,8,2018-11-24 05:06:19,4,1024.0,MB,read,324,324,rw,16,K,psync,1
fio-beegfs-write-buffered-block_64k-size_1G-threads_8,k8s,1,0,8,2018-11-19 19:09:50,4,1024.0,MB,write,459,459,rw,64,K,psync,1
fio-beegfs-read-buffered-block_16k-size_1G-threads_8,k8s,1,0,8,2018-11-19 18:09:54,4,1024.0,MB,read,2939,2939,rw,16,K,psync,1
fio-beegfs-read-buffered-block_64k-size_4G-threads_2,k8s,1,0,2,2018-11-19 04:21:38,4,4096.0,MB,read,1594,1594,rw,64,K,psync,1
fio-beegfs-read-buffered-block_512k-size_1G-threads_2,k8s,1,0,2,2018-11-19 00:54:45,4,1024.0,MB,read,1844,1844,rw,512,K,psync,1
fio-beegfs-write-unbuffered-block_64k-size_4G-threads_2,k8s,0,0,2,2018-11-23 16:07:49,4,4096.0,MB,write,312,312,rw,64,K,psync,1
fio-beegfs-write-buffered-block_512k-size_1G-threads_2,k8s,1,0,2,2018-11-19 01:03:06,4,1024.0,MB,write,979,979,rw,512,K,psync,1
fio-beegfs-read-unbuffered-block_1024k-size_4G-threads_4,k8s,0,0,4,2018-11-24 04:12:52,4,4096.0,MB,read,477,477,rw,1,M,psync,1
fio-beegfs-write-unbuffered-block_128k-size_4G-threads_1,k8s,0,0,1,2018-11-23 10:41:31,4,4096.0,MB,write,252,252,rw,128,K,psync,1
fio-beegfs-write-buffered-block_512k-size_2G-threads_2,k8s,1,0,2,2018-11-19 02:57:48,4,2048.0,MB,write,564,564,rw,512,K,psync,1
fio-beegfs-write-unbuffered-block_1024k-size_4G-threads_8,k8s,0,0,8,2018-11-25 00:11:22,4,4096.0,MB,write,387,387,rw,1,M,psync,1
fio-beegfs-write-buffered-block_64k-size_2G-threads_8,k8s,1,0,8,2018-11-19 23:27:27,4,2048.0,MB,write,456,456,rw,64,K,psync,1
fio-beegfs-read-buffered-block_1024k-size_2G-threads_8,k8s,1,0,8,2018-11-20 02:21:52,4,2048.0,MB,read,2949,2949,rw,1,M,psync,1
fio-beegfs-write-buffered-block_512k-size_4G-threads_1,k8s,1,0,1,2018-11-18 23:30:17,4,4096.0,MB,write,389,389,rw,512,K,psync,1
fio-beegfs-read-buffered-block_64k-size_4G-threads_1,k8s,1,0,1,2018-11-18 22:29:30,4,4096.0,MB,read,968,968,rw,64,K,psync,1
fio-beegfs-read-unbuffered-block_64k-size_4G-threads_2,k8s,0,0,2,2018-11-23 15:48:53,4,4096.0,MB,read,217,217,rw,64,K,psync,1
fio-beegfs-write-buffered-block_1024k-size_2G-threads_2,k8s,1,0,2,2018-11-19 03:22:26,4,2048.0,MB,write,562,562,rw,1,M,psync,1
fio-beegfs-write-unbuffered-block_64k-size_4G-threads_1,k8s,0,0,1,2018-11-23 10:17:31,4,4096.0,MB,write,177,177,rw,64,K,psync,1
fio-beegfs-write-unbuffered-block_16k-size_1G-threads_1,k8s,0,0,1,2018-11-23 07:17:21,4,1024.0,MB,write,78,78,rw,16,K,psync,1
fio-beegfs-write-buffered-block_512k-size_1G-threads_1,k8s,1,0,1,2018-11-18 20:15:32,4,1024.0,MB,write,586,586,rw,512,K,psync,1
fio-beegfs-read-buffered-block_1024k-size_4G-threads_2,k8s,1,0,2,2018-11-19 06:19:18,4,4096.0,MB,read,1818,1818,rw,1,M,psync,1
fio-beegfs-read-buffered-block_64k-size_1G-threads_2,k8s,1,0,2,2018-11-19 00:21:14,4,1024.0,MB,read,1595,1595,rw,64,K,psync,1
fio-beegfs-read-unbuffered-block_128k-size_4G-threads_4,k8s,0,0,4,2018-11-24 01:59:23,4,4096.0,MB,read,402,402,rw,128,K,psync,1
fio-beegfs-read-buffered-block_64k-size_2G-threads_2,k8s,1,0,2,2018-11-19 01:57:09,4,2048.0,MB,read,1596,1596,rw,64,K,psync,1
fio-beegfs-read-buffered-block_64k-size_1G-threads_1,k8s,1,0,1,2018-11-18 19:43:23,4,1024.0,MB,read,959,959,rw,64,K,psync,1
fio-beegfs-read-buffered-block_128k-size_4G-threads_2,k8s,1,0,2,2018-11-19 05:00:31,4,4096.0,MB,read,1615,1615,rw,128,K,psync,1
fio-beegfs-read-unbuffered-block_128k-size_1G-threads_8,k8s,0,0,8,2018-11-24 06:23:42,4,1024.0,MB,read,447,447,rw,128,K,psync,1
fio-beegfs-write-buffered-block_64k-size_4G-threads_2,k8s,1,0,2,2018-11-19 04:41:07,4,4096.0,MB,write,390,390,rw,64,K,psync,1
fio-beegfs-read-unbuffered-block_64k-size_4G-threads_4,k8s,0,0,4,2018-11-24 00:52:12,4,4096.0,MB,read,347,347,rw,64,K,psync,1
fio-beegfs-write-unbuffered-block_16k-size_4G-threads_1,k8s,0,0,1,2018-11-23 09:53:59,4,4096.0,MB,write,79,79,rw,16,K,psync,1
fio-beegfs-read-unbuffered-block_512k-size_1G-threads_4,k8s,0,0,4,2018-11-23 19:24:32,4,1024.0,MB,read,476,476,rw,512,K,psync,1
fio-beegfs-write-buffered-block_1024k-size_4G-threads_2,k8s,1,0,2,2018-11-19 06:39:15,4,4096.0,MB,write,450,450,rw,1,M,psync,1
fio-beegfs-read-buffered-block_16k-size_4G-threads_4,k8s,1,0,4,2018-11-19 12:37:54,4,4096.0,MB,read,2478,2478,rw,16,K,psync,1
fio-beegfs-write-buffered-block_1024k-size_1G-threads_8,k8s,1,0,8,2018-11-19 21:07:17,4,1024.0,MB,write,443,443,rw,1,M,psync,1
fio-beegfs-write-buffered-block_16k-size_4G-threads_2,k8s,1,0,2,2018-11-19 04:02:13,4,4096.0,MB,write,398,398,rw,16,K,psync,1
fio-beegfs-read-unbuffered-block_64k-size_2G-threads_4,k8s,0,0,4,2018-11-23 20:58:03,4,2048.0,MB,read,345,345,rw,64,K,psync,1
fio-beegfs-read-buffered-block_128k-size_1G-threads_8,k8s,1,0,8,2018-11-19 19:29:24,4,1024.0,MB,read,2940,2940,rw,128,K,psync,1
fio-beegfs-write-buffered-block_64k-size_2G-threads_1,k8s,1,0,1,2018-11-18 21:02:31,4,2048.0,MB,write,417,417,rw,64,K,psync,1
fio-beegfs-read-unbuffered-block_16k-size_4G-threads_4,k8s,0,0,4,2018-11-23 23:45:41,4,4096.0,MB,read,187,187,rw,16,K,psync,1
fio-beegfs-read-unbuffered-block_128k-size_2G-threads_1,k8s,0,0,1,2018-11-23 08:49:21,4,2048.0,MB,read,180,180,rw,128,K,psync,1
fio-beegfs-read-buffered-block_64k-size_2G-threads_1,k8s,1,0,1,2018-11-18 20:54:08,4,2048.0,MB,read,971,971,rw,64,K,psync,1
fio-beegfs-read-buffered-block_64k-size_1G-threads_8,k8s,1,0,8,2018-11-19 18:49:51,4,1024.0,MB,read,2939,2939,rw,64,K,psync,1
fio-beegfs-read-unbuffered-block_1024k-size_1G-threads_1,k8s,0,0,1,2018-11-23 08:01:59,4,1024.0,MB,read,288,288,rw,1,M,psync,1
fio-beegfs-read-buffered-block_512k-size_2G-threads_8,k8s,1,0,8,2018-11-20 01:12:10,4,2048.0,MB,read,2946,2946,rw,512,K,psync,1
fio-beegfs-read-buffered-block_64k-size_2G-threads_4,k8s,1,0,4,2018-11-19 09:43:39,4,2048.0,MB,read,2625,2625,rw,64,K,psync,1
fio-beegfs-write-buffered-block_1024k-size_1G-threads_1,k8s,1,0,1,2018-11-18 20:28:23,4,1024.0,MB,write,641,641,rw,1,M,psync,1
fio-beegfs-read-buffered-block_128k-size_2G-threads_1,k8s,1,0,1,2018-11-18 21:10:56,4,2048.0,MB,read,982,982,rw,128,K,psync,1
fio-beegfs-read-buffered-block_1024k-size_4G-threads_4,k8s,1,0,4,2018-11-19 17:14:27,4,4096.0,MB,read,2867,2867,rw,1,M,psync,1
fio-beegfs-read-buffered-block_64k-size_4G-threads_8,k8s,1,0,8,2018-11-20 06:13:34,4,4096.0,MB,read,2474,2474,rw,64,K,psync,1
fio-beegfs-write-unbuffered-block_128k-size_1G-threads_8,k8s,0,0,8,2018-11-24 06:42:41,4,1024.0,MB,write,378,378,rw,128,K,psync,1
fio-beegfs-write-unbuffered-block_512k-size_4G-threads_4,k8s,0,0,4,2018-11-24 03:39:28,4,4096.0,MB,write,380,380,rw,512,K,psync,1
fio-beegfs-read-unbuffered-block_64k-size_4G-threads_8,k8s,0,0,8,2018-11-24 16:50:02,4,4096.0,MB,read,412,412,rw,64,K,psync,1
fio-beegfs-write-buffered-block_16k-size_4G-threads_1,k8s,1,0,1,2018-11-18 22:17:20,4,4096.0,MB,write,347,347,rw,16,K,psync,1
fio-beegfs-read-buffered-block_1024k-size_1G-threads_1,k8s,1,0,1,2018-11-18 20:22:04,4,1024.0,MB,read,1081,1081,rw,1,M,psync,1
fio-beegfs-read-unbuffered-block_64k-size_4G-threads_1,k8s,0,0,1,2018-11-23 10:05:55,4,4096.0,MB,read,110,110,rw,64,K,psync,1
fio-beegfs-write-unbuffered-block_512k-size_2G-threads_1,k8s,0,0,1,2018-11-23 09:13:42,4,2048.0,MB,write,331,331,rw,512,K,psync,1
fio-beegfs-write-unbuffered-block_1024k-size_2G-threads_8,k8s,0,0,8,2018-11-24 13:40:35,4,2048.0,MB,write,380,380,rw,1,M,psync,1
fio-beegfs-write-buffered-block_128k-size_2G-threads_8,k8s,1,0,8,2018-11-20 00:37:39,4,2048.0,MB,write,464,464,rw,128,K,psync,1
fio-beegfs-write-buffered-block_128k-size_1G-threads_8,k8s,1,0,8,2018-11-19 19:48:48,4,1024.0,MB,write,449,449,rw,128,K,psync,1
fio-beegfs-write-unbuffered-block_64k-size_2G-threads_1,k8s,0,0,1,2018-11-23 08:41:02,4,2048.0,MB,write,184,184,rw,64,K,psync,1
fio-beegfs-read-buffered-block_64k-size_1G-threads_4,k8s,1,0,4,2018-11-19 07:17:22,4,1024.0,MB,read,2632,2632,rw,64,K,psync,1
fio-beegfs-read-buffered-block_16k-size_4G-threads_1,k8s,1,0,1,2018-11-18 22:05:28,4,4096.0,MB,read,922,922,rw,16,K,psync,1
fio-beegfs-write-buffered-block_512k-size_2G-threads_4,k8s,1,0,4,2018-11-19 11:23:22,4,2048.0,MB,write,452,452,rw,512,K,psync,1
fio-beegfs-write-buffered-block_128k-size_4G-threads_4,k8s,1,0,4,2018-11-19 15:31:17,4,4096.0,MB,write,459,459,rw,128,K,psync,1
fio-beegfs-read-buffered-block_16k-size_4G-threads_2,k8s,1,0,2,2018-11-19 03:42:26,4,4096.0,MB,read,1457,1457,rw,16,K,psync,1
fio-beegfs-read-buffered-block_16k-size_1G-threads_2,k8s,1,0,2,2018-11-19 00:04:21,4,1024.0,MB,read,1479,1479,rw,16,K,psync,1
fio-beegfs-write-buffered-block_16k-size_1G-threads_2,k8s,1,0,2,2018-11-19 00:12:45,4,1024.0,MB,write,746,746,rw,16,K,psync,1
fio-beegfs-write-unbuffered-block_64k-size_2G-threads_8,k8s,0,0,8,2018-11-24 10:16:27,4,2048.0,MB,write,383,383,rw,64,K,psync,1
fio-beegfs-write-buffered-block_16k-size_1G-threads_1,k8s,1,0,1,2018-11-18 19:36:48,4,1024.0,MB,write,548,548,rw,16,K,psync,1
fio-beegfs-read-buffered-block_16k-size_2G-threads_8,k8s,1,0,8,2018-11-19 21:42:47,4,2048.0,MB,read,2931,2931,rw,16,K,psync,1
fio-beegfs-write-buffered-block_16k-size_4G-threads_4,k8s,1,0,4,2018-11-19 13:12:42,4,4096.0,MB,write,450,450,rw,16,K,psync,1
fio-beegfs-read-buffered-block_128k-size_1G-threads_2,k8s,1,0,2,2018-11-19 00:38:01,4,1024.0,MB,read,1650,1650,rw,128,K,psync,1
fio-beegfs-read-unbuffered-block_64k-size_2G-threads_8,k8s,0,0,8,2018-11-24 09:42:33,4,2048.0,MB,read,423,423,rw,64,K,psync,1
fio-beegfs-read-unbuffered-block_16k-size_1G-threads_1,k8s,0,0,1,2018-11-23 07:11:10,4,1024.0,MB,read,48,48,rw,16,K,psync,1
fio-beegfs-read-buffered-block_512k-size_4G-threads_1,k8s,1,0,1,2018-11-18 23:17:58,4,4096.0,MB,read,1097,1097,rw,512,K,psync,1
fio-beegfs-write-buffered-block_64k-size_2G-threads_4,k8s,1,0,4,2018-11-19 10:03:53,4,2048.0,MB,write,451,451,rw,64,K,psync,1
fio-beegfs-write-unbuffered-block_128k-size_2G-threads_1,k8s,0,0,1,2018-11-23 08:57:20,4,2048.0,MB,write,248,248,rw,128,K,psync,1
fio-beegfs-write-unbuffered-block_64k-size_1G-threads_1,k8s,0,0,1,2018-11-23 07:30:05,4,1024.0,MB,write,179,179,rw,64,K,psync,1
fio-beegfs-read-unbuffered-block_64k-size_1G-threads_1,k8s,0,0,1,2018-11-23 07:23:54,4,1024.0,MB,read,116,116,rw,64,K,psync,1
fio-beegfs-write-buffered-block_1024k-size_2G-threads_4,k8s,1,0,4,2018-11-19 12:02:54,4,2048.0,MB,write,461,461,rw,1,M,psync,1
fio-beegfs-write-buffered-block_512k-size_4G-threads_2,k8s,1,0,2,2018-11-19 05:59:58,4,4096.0,MB,write,453,453,rw,512,K,psync,1
fio-beegfs-read-buffered-block_1024k-size_4G-threads_8,k8s,1,0,8,2018-11-20 12:45:18,4,4096.0,MB,read,2784,2784,rw,1,M,psync,1
fio-beegfs-write-unbuffered-block_64k-size_4G-threads_8,k8s,0,0,8,2018-11-24 17:53:22,4,4096.0,MB,write,377,377,rw,64,K,psync,1
fio-beegfs-read-unbuffered-block_512k-size_4G-threads_2,k8s,0,0,2,2018-11-23 17:04:07,4,4096.0,MB,read,411,411,rw,512,K,psync,1
fio-beegfs-write-buffered-block_128k-size_2G-threads_4,k8s,1,0,4,2018-11-19 10:43:31,4,2048.0,MB,write,443,443,rw,128,K,psync,1
fio-beegfs-read-buffered-block_512k-size_4G-threads_2,k8s,1,0,2,2018-11-19 05:39:54,4,4096.0,MB,read,1827,1827,rw,512,K,psync,1
fio-beegfs-read-unbuffered-block_16k-size_2G-threads_8,k8s,0,0,8,2018-11-24 08:33:57,4,2048.0,MB,read,326,326,rw,16,K,psync,1
fio-beegfs-read-unbuffered-block_1024k-size_2G-threads_8,k8s,0,0,8,2018-11-24 13:07:05,4,2048.0,MB,read,499,499,rw,1,M,psync,1
fio-beegfs-read-buffered-block_64k-size_2G-threads_8,k8s,1,0,8,2018-11-19 22:52:31,4,2048.0,MB,read,2942,2942,rw,64,K,psync,1
fio-beegfs-write-unbuffered-block_16k-size_4G-threads_8,k8s,0,0,8,2018-11-24 15:47:10,4,4096.0,MB,write,362,362,rw,16,K,psync,1
fio-beegfs-read-unbuffered-block_64k-size_2G-threads_2,k8s,0,0,2,2018-11-23 13:28:40,4,2048.0,MB,read,214,214,rw,64,K,psync,1
fio-beegfs-write-unbuffered-block_128k-size_2G-threads_4,k8s,0,0,4,2018-11-23 21:55:34,4,2048.0,MB,write,372,372,rw,128,K,psync,1
fio-beegfs-write-buffered-block_512k-size_4G-threads_4,k8s,1,0,4,2018-11-19 16:40:07,4,4096.0,MB,write,462,462,rw,512,K,psync,1
fio-beegfs-write-unbuffered-block_128k-size_4G-threads_2,k8s,0,0,2,2018-11-23 16:45:25,4,4096.0,MB,write,367,367,rw,128,K,psync,1
fio-beegfs-read-unbuffered-block_64k-size_2G-threads_1,k8s,0,0,1,2018-11-23 08:33:04,4,2048.0,MB,read,115,115,rw,64,K,psync,1
fio-beegfs-write-buffered-block_128k-size_2G-threads_1,k8s,1,0,1,2018-11-18 21:19:17,4,2048.0,MB,write,430,430,rw,128,K,psync,1
fio-beegfs-write-buffered-block_1024k-size_4G-threads_1,k8s,1,0,1,2018-11-18 23:54:36,4,4096.0,MB,write,372,372,rw,1,M,psync,1
fio-beegfs-read-unbuffered-block_128k-size_4G-threads_2,k8s,0,0,2,2018-11-23 16:27:02,4,4096.0,MB,read,294,294,rw,128,K,psync,1
fio-beegfs-read-buffered-block_1024k-size_1G-threads_4,k8s,1,0,4,2018-11-19 08:30:54,4,1024.0,MB,read,2867,2867,rw,1,M,psync,1
fio-beegfs-write-buffered-block_1024k-size_1G-threads_4,k8s,1,0,4,2018-11-19 08:43:13,4,1024.0,MB,write,1087,1087,rw,1,M,psync,1
fio-beegfs-read-unbuffered-block_512k-size_4G-threads_8,k8s,0,0,8,2018-11-24 21:02:34,4,4096.0,MB,read,510,510,rw,512,K,psync,1
fio-beegfs-read-buffered-block_512k-size_2G-threads_4,k8s,1,0,4,2018-11-19 11:03:14,4,2048.0,MB,read,2856,2856,rw,512,K,psync,1
fio-beegfs-write-unbuffered-block_128k-size_2G-threads_8,k8s,0,0,8,2018-11-24 11:25:21,4,2048.0,MB,write,380,380,rw,128,K,psync,1
fio-beegfs-read-unbuffered-block_64k-size_1G-threads_4,k8s,0,0,4,2018-11-23 18:37:11,4,1024.0,MB,read,350,350,rw,64,K,psync,1
fio-beegfs-write-unbuffered-block_1024k-size_4G-threads_4,k8s,0,0,4,2018-11-24 04:45:44,4,4096.0,MB,write,388,388,rw,1,M,psync,1
fio-beegfs-read-unbuffered-block_128k-size_2G-threads_4,k8s,0,0,4,2018-11-23 21:36:51,4,2048.0,MB,read,397,397,rw,128,K,psync,1
fio-beegfs-write-buffered-block_1024k-size_4G-threads_4,k8s,1,0,4,2018-11-19 17:48:58,4,4096.0,MB,write,455,455,rw,1,M,psync,1
fio-beegfs-read-unbuffered-block_1024k-size_2G-threads_2,k8s,0,0,2,2018-11-23 14:40:05,4,2048.0,MB,read,416,416,rw,1,M,psync,1
fio-beegfs-read-buffered-block_1024k-size_2G-threads_4,k8s,1,0,4,2018-11-19 11:42:46,4,2048.0,MB,read,2874,2874,rw,1,M,psync,1
fio-beegfs-write-buffered-block_16k-size_2G-threads_8,k8s,1,0,8,2018-11-19 22:17:52,4,2048.0,MB,write,456,456,rw,16,K,psync,1
fio-beegfs-read-buffered-block_128k-size_2G-threads_2,k8s,1,0,2,2018-11-19 02:21:43,4,2048.0,MB,read,1627,1627,rw,128,K,psync,1
fio-beegfs-read-buffered-block_1024k-size_2G-threads_1,k8s,1,0,1,2018-11-18 21:44:25,4,2048.0,MB,read,1092,1092,rw,1,M,psync,1
fio-beegfs-write-unbuffered-block_16k-size_4G-threads_4,k8s,0,0,4,2018-11-24 00:19:18,4,4096.0,MB,write,274,274,rw,16,K,psync,1
fio-beegfs-write-unbuffered-block_512k-size_2G-threads_4,k8s,0,0,4,2018-11-23 22:34:01,4,2048.0,MB,write,380,380,rw,512,K,psync,1
fio-beegfs-read-buffered-block_512k-size_1G-threads_1,k8s,1,0,1,2018-11-18 20:09:10,4,1024.0,MB,read,1093,1093,rw,512,K,psync,1
fio-beegfs-read-unbuffered-block_512k-size_4G-threads_1,k8s,0,0,1,2018-11-23 10:53:38,4,4096.0,MB,read,284,284,rw,512,K,psync,1
fio-beegfs-read-buffered-block_16k-size_4G-threads_8,k8s,1,0,8,2018-11-20 04:02:36,4,4096.0,MB,read,2232,2232,rw,16,K,psync,1
fio-beegfs-read-unbuffered-block_512k-size_1G-threads_1,k8s,0,0,1,2018-11-23 07:49:17,4,1024.0,MB,read,288,288,rw,512,K,psync,1
fio-beegfs-read-unbuffered-block_512k-size_1G-threads_8,k8s,0,0,8,2018-11-24 07:02:04,4,1024.0,MB,read,506,506,rw,512,K,psync,1
fio-beegfs-read-unbuffered-block_128k-size_4G-threads_1,k8s,0,0,1,2018-11-23 10:29:38,4,4096.0,MB,read,181,181,rw,128,K,psync,1
fio-beegfs-read-buffered-block_16k-size_1G-threads_4,k8s,1,0,4,2018-11-19 06:52:53,4,1024.0,MB,read,2452,2452,rw,16,K,psync,1
fio-beegfs-read-unbuffered-block_1024k-size_1G-threads_4,k8s,0,0,4,2018-11-23 19:48:01,4,1024.0,MB,read,481,481,rw,1,M,psync,1
fio-beegfs-write-buffered-block_128k-size_1G-threads_1,k8s,1,0,1,2018-11-18 20:02:38,4,1024.0,MB,write,626,626,rw,128,K,psync,1
fio-beegfs-read-unbuffered-block_1024k-size_4G-threads_8,k8s,0,0,8,2018-11-24 23:08:05,4,4096.0,MB,read,511,511,rw,1,M,psync,1
fio-beegfs-write-unbuffered-block_1024k-size_2G-threads_1,k8s,0,0,1,2018-11-23 09:30:00,4,2048.0,MB,write,331,331,rw,1,M,psync,1
fio-beegfs-write-unbuffered-block_64k-size_1G-threads_2,k8s,0,0,2,2018-11-23 12:02:42,4,1024.0,MB,write,318,318,rw,64,K,psync,1
fio-beegfs-write-buffered-block_512k-size_1G-threads_8,k8s,1,0,8,2018-11-19 20:27:44,4,1024.0,MB,write,458,458,rw,512,K,psync,1
fio-beegfs-write-buffered-block_128k-size_4G-threads_2,k8s,1,0,2,2018-11-19 05:20:31,4,4096.0,MB,write,450,450,rw,128,K,psync,1
fio-beegfs-write-unbuffered-block_512k-size_1G-threads_1,k8s,0,0,1,2018-11-23 07:55:28,4,1024.0,MB,write,332,332,rw,512,K,psync,1
fio-beegfs-read-buffered-block_1024k-size_2G-threads_2,k8s,1,0,2,2018-11-19 03:09:57,4,2048.0,MB,read,1848,1848,rw,1,M,psync,1
fio-beegfs-write-buffered-block_64k-size_4G-threads_4,k8s,1,0,4,2018-11-19 14:22:10,4,4096.0,MB,write,459,459,rw,64,K,psync,1
fio-beegfs-read-buffered-block_128k-size_1G-threads_4,k8s,1,0,4,2018-11-19 07:41:55,4,1024.0,MB,read,2650,2650,rw,128,K,psync,1
fio-beegfs-write-unbuffered-block_128k-size_4G-threads_4,k8s,0,0,4,2018-11-24 02:32:47,4,4096.0,MB,write,363,363,rw,128,K,psync,1
fio-beegfs-write-buffered-block_1024k-size_4G-threads_8,k8s,1,0,8,2018-11-20 13:51:07,4,4096.0,MB,write,452,452,rw,1,M,psync,1
fio-beegfs-write-unbuffered-block_1024k-size_1G-threads_4,k8s,0,0,4,2018-11-23 19:59:40,4,1024.0,MB,write,379,379,rw,1,M,psync,1
fio-beegfs-read-buffered-block_512k-size_2G-threads_1,k8s,1,0,1,2018-11-18 21:27:41,4,2048.0,MB,read,1091,1091,rw,512,K,psync,1
fio-beegfs-read-unbuffered-block_16k-size_1G-threads_2,k8s,0,0,2,2018-11-23 11:38:25,4,1024.0,MB,read,93,93,rw,16,K,psync,1
